<?xml version="1.0" encoding="UTF-8"?>
<project-private xmlns="http://www.netbeans.org/ns/project-private/1">
    <editor-bookmarks xmlns="http://www.netbeans.org/ns/editor-bookmarks/2" lastBookmarkId="0"/>
    <open-files xmlns="http://www.netbeans.org/ns/projectui-open-files/2">
        <group>
            <file>file:/D:/xampp/htdocs/psm/model/admin/userModel.php</file>
            <file>file:/D:/xampp/htdocs/psm/controller/supervisor/productController.php</file>
            <file>file:/D:/xampp/htdocs/psm/model/supervisor/ProductModel.php</file>
        </group>
    </open-files>
</project-private>
